,Patient ID,asra_safe,Scenario Data
0,AA,0,"A 50-year-old woman with a history of diabetes, atrial fibrillation, and ulcerative colitis presents for an open colectomy.  The surgical team is requesting epidural analgesia for postoperative pain control.  Her medications include metformin, acetaminophen, and 5000 Units subcutaneous heparin TID. The last dose of heparin was 3 hours before the planned procedure."
1,AB,1,"A 50-year-old woman with a history of diabetes, atrial fibrillation, and ulcerative colitis presents for an open colectomy.  The surgical team is requesting epidural analgesia for postoperative pain control.  Her medications include metformin, acetaminophen, and 5000 Units subcutaneous heparin TID. The last dose of heparin was 8 hours before the planned procedure."
2,AC,0,"A 50-year-old woman with a history of diabetes, atrial fibrillation, and ulcerative colitis presents for an open colectomy.  The surgical team is requesting epidural analgesia for postoperative pain control.  Her medications include metformin, acetaminophen, and 10,000 Units subcutaneous heparin TID. The last dose of heparin was 3 hours before the planned procedure."
3,AD,0,"A 50-year-old woman with a history of diabetes, atrial fibrillation, and ulcerative colitis presents for an open colectomy.  The surgical team is requesting epidural analgesia for postoperative pain control.  Her medications include metformin, acetaminophen, and 10,000 Units subcutaneous heparin TID. The last dose of heparin was 8 hours before the planned procedure."
4,AE,1,"A 50-year-old woman with a history of diabetes, atrial fibrillation, and ulcerative colitis presents for an open colectomy.  The surgical team is requesting epidural analgesia for postoperative pain control.  Her medications include metformin, acetaminophen, and IV heparin. The IV heparin was discontinued five hours before the planned procedure and the Anti-Xa assay was in the normal range."
5,AF,0,"A 50-year-old woman with a history of diabetes, atrial fibrillation, and ulcerative colitis presents for an open colectomy.  The surgical team is requesting epidural analgesia for postoperative pain control.  Her medications include metformin, acetaminophen, and IV heparin. The IV heparin was discontinued five hours before the planned procedure and the Anti-Xa assay was in the therapeutic range."
6,AG,0,"A 50-year-old woman with a history of diabetes, atrial fibrillation, and ulcerative colitis presents for an open colectomy.  The surgical team is requesting epidural analgesia for postoperative pain control.  Her medications include metformin, acetaminophen, and IV heparin. The IV heparin was discontinued two hours before the planned procedure and the Anti-Xa assay was in the normal range."
7,AH,0,"A 50-year-old woman with a history of diabetes, atrial fibrillation, and ulcerative colitis presents for an open colectomy.  The surgical team is requesting epidural analgesia for postoperative pain control.  Her medications include metformin, acetaminophen, and IV heparin. The IV heparin was discontinued two hours before the planned procedure and the Anti-Xa assay was in the therapeutic range."
8,AI,0,"A 50-year-old woman with a history of diabetes, atrial fibrillation, and ulcerative colitis presents for an open colectomy.  The surgical team is requesting epidural analgesia for postoperative pain control.  Her medications include metformin, acetaminophen, and prophylactic BID subcutaneous enoxaparin. The last dose of enoxaparin was 8 hours prior to the planned procedure."
9,AJ,1,"A 50-year-old woman with a history of diabetes, atrial fibrillation, and ulcerative colitis presents for an open colectomy.  The surgical team is requesting epidural analgesia for postoperative pain control.  Her medications include metformin, acetaminophen, and prophylactic BID subcutaneous enoxaparin. The last dose of enoxaparin was 14 hours prior to the planned procedure."
10,AK,0,"A 50-year-old woman with a history of diabetes, atrial fibrillation, and ulcerative colitis presents for an open colectomy.  The surgical team is requesting epidural analgesia for postoperative pain control.  Her medications include metformin, acetaminophen, and therapeutic subcutaneous enoxaparin. The last dose of enoxaparin was 20 hours prior to the planned procedure."
11,AL,1,"A 50-year-old woman with a history of diabetes, atrial fibrillation, and ulcerative colitis presents for an open colectomy.  The surgical team is requesting epidural analgesia for postoperative pain control.  Her medications include metformin, acetaminophen, and therapeutic subcutaneous enoxaparin. The last dose of enoxaparin was 26 hours prior to the planned procedure."
12,AM,0,"A 50-year-old woman with a history of diabetes, atrial fibrillation, and ulcerative colitis presents for an open colectomy.  The surgical team is requesting epidural analgesia for postoperative pain control.  Her medications include metformin, acetaminophen, and prophylactic apixaban. The last dose of apixaban was 36 hours prior to the planned procedure."
13,AN,1,"A 50-year-old woman with a history of diabetes, atrial fibrillation, and ulcerative colitis presents for an open colectomy.  The surgical team is requesting epidural analgesia for postoperative pain control.  Her medications include metformin, acetaminophen, and prophylactic apixaban. The last dose of apixaban was 84 hours prior to the planned procedure."
14,AO,0,"A 50-year-old woman with a history of diabetes, atrial fibrillation, and ulcerative colitis presents for an open colectomy.  The surgical team is requesting epidural analgesia for postoperative pain control.  Her medications include metformin, acetaminophen, and warfarin. Warfarin was held for three days, and the INR immediately prior to the planned procedure is 1.1."
15,AP,0,"A 50-year-old woman with a history of diabetes, atrial fibrillation, and ulcerative colitis presents for an open colectomy.  The surgical team is requesting epidural analgesia for postoperative pain control.  Her medications include metformin, acetaminophen, and warfarin. Warfarin was held for three days, and the INR immediately prior to the planned procedure is 1.5."
16,AQ,1,"A 50-year-old woman with a history of diabetes, atrial fibrillation, and ulcerative colitis presents for an open colectomy.  The surgical team is requesting epidural analgesia for postoperative pain control.  Her medications include metformin, acetaminophen, and warfarin. Warfarin was held for six days, and the INR immediately prior to the planned procedure is 1.1."
17,AR,0,"A 50-year-old woman with a history of diabetes, atrial fibrillation, and ulcerative colitis presents for an open colectomy.  The surgical team is requesting epidural analgesia for postoperative pain control.  Her medications include metformin, acetaminophen, and warfarin. Warfarin was held for six days, and the INR immediately prior to the planned procedure is 1.5."
18,AS,1,"A 50-year-old woman with a history of diabetes, atrial fibrillation, and ulcerative colitis presents for an open colectomy.  The surgical team is requesting epidural analgesia for postoperative pain control.  Her medications include metformin, acetaminophen, and aspirin. The last dose of aspirin was 1 hour prior to the planned procedure."
19,AT,1,"A 50-year-old woman with a history of diabetes, atrial fibrillation, and ulcerative colitis presents for an open colectomy.  The surgical team is requesting epidural analgesia for postoperative pain control.  Her medications include metformin, acetaminophen, and aspirin. The last dose of aspirin was 24 hours prior to the planned procedure."
20,AU,0,"A 50-year-old woman with a history of diabetes, atrial fibrillation, and ulcerative colitis presents for an open colectomy.  The surgical team is requesting epidural analgesia for postoperative pain control.  Her medications include metformin, acetaminophen, and dabigatran. The last dose of dabigatran was 48 hours prior to the planned procedure."
21,AV,1,"A 50-year-old woman with a history of diabetes, atrial fibrillation, and ulcerative colitis presents for an open colectomy.  The surgical team is requesting epidural analgesia for postoperative pain control.  Her medications include metformin, acetaminophen, and dabigatran. The last dose of dabigatran was 120 hours prior to the planned procedure."
22,AW,0,"A 50-year-old woman with a history of diabetes, atrial fibrillation, and ulcerative colitis presents for an open colectomy.  The surgical team is requesting epidural analgesia for postoperative pain control.  Her medications include metformin, acetaminophen, and rivaroxaban. The last dose of rivaroxaban was 48 hours prior to the planned procedure."
23,AX,1,"A 50-year-old woman with a history of diabetes, atrial fibrillation, and ulcerative colitis presents for an open colectomy.  The surgical team is requesting epidural analgesia for postoperative pain control.  Her medications include metformin, acetaminophen, and rivaroxaban. The last dose of rivaroxaban was 84 hours prior to the planned procedure."
24,AY,0,"A 50-year-old woman with a history of diabetes, atrial fibrillation, and ulcerative colitis presents for an open colectomy.  The surgical team is requesting epidural analgesia for postoperative pain control.  Her medications include metformin, acetaminophen, and clopidogrel. The last dose of clopidogrel was 4 days prior to the planned procedure."
25,AZ,1,"A 50-year-old woman with a history of diabetes, atrial fibrillation, and ulcerative colitis presents for an open colectomy.  The surgical team is requesting epidural analgesia for postoperative pain control.  Her medications include metformin, acetaminophen, and clopidogrel. The last dose of clopidogrel was 8 days prior to the planned procedure."
26,BA,0,"A 95-year-old woman with a history of dementia, osteoporosis, coronary artery disease, and mild renal disease presents following a fall from ground height and subsequent hip fracture. The surgical team is requesting spinal anesthesia as the primary anesthetic for the surgical procedure. Her medications include donepezil, aspirin, pravastatin, and 5000 Units subcutaneous heparin TID. The last dose of heparin was 3 hours before the planned procedure."
27,BB,1,"A 95-year-old woman with a history of dementia, osteoporosis, coronary artery disease, and mild renal disease presents following a fall from ground height and subsequent hip fracture. The surgical team is requesting spinal anesthesia as the primary anesthetic for the surgical procedure. Her medications include donepezil, aspirin, pravastatin, and 5000 Units subcutaneous heparin TID. The last dose of heparin was 8 hours before the planned procedure."
28,BC,0,"A 95-year-old woman with a history of dementia, osteoporosis, coronary artery disease, and mild renal disease presents following a fall from ground height and subsequent hip fracture. The surgical team is requesting spinal anesthesia as the primary anesthetic for the surgical procedure. Her medications include donepezil, aspirin, pravastatin, and 10,000 Units subcutaneous heparin TID. The last dose of heparin was 3 hours before the planned procedure."
29,BD,0,"A 95-year-old woman with a history of dementia, osteoporosis, coronary artery disease, and mild renal disease presents following a fall from ground height and subsequent hip fracture. The surgical team is requesting spinal anesthesia as the primary anesthetic for the surgical procedure. Her medications include donepezil, aspirin, pravastatin, and 10,000 Units subcutaneous heparin TID. The last dose of heparin was 8 hours before the planned procedure."
30,BE,1,"A 95-year-old woman with a history of dementia, osteoporosis, coronary artery disease, and mild renal disease presents following a fall from ground height and subsequent hip fracture. The surgical team is requesting spinal anesthesia as the primary anesthetic for the surgical procedure. Her medications include donepezil, aspirin, pravastatin, and IV heparin. The IV heparin was discontinued five hours before the planned procedure and the Anti-Xa assay was in the normal range."
31,BF,0,"A 95-year-old woman with a history of dementia, osteoporosis, coronary artery disease, and mild renal disease presents following a fall from ground height and subsequent hip fracture. The surgical team is requesting spinal anesthesia as the primary anesthetic for the surgical procedure. Her medications include donepezil, aspirin, pravastatin, and IV heparin. The IV heparin was discontinued five hours before the planned procedure and the Anti-Xa assay was in the therapeutic range."
32,BG,0,"A 95-year-old woman with a history of dementia, osteoporosis, coronary artery disease, and mild renal disease presents following a fall from ground height and subsequent hip fracture. The surgical team is requesting spinal anesthesia as the primary anesthetic for the surgical procedure. Her medications include donepezil, aspirin, pravastatin, and IV heparin. The IV heparin was discontinued two hours before the planned procedure and the Anti-Xa assay was in the normal range."
33,BH,0,"A 95-year-old woman with a history of dementia, osteoporosis, coronary artery disease, and mild renal disease presents following a fall from ground height and subsequent hip fracture. The surgical team is requesting spinal anesthesia as the primary anesthetic for the surgical procedure. Her medications include donepezil, aspirin, pravastatin, and IV heparin. The IV heparin was discontinued two hours before the planned procedure and the Anti-Xa assay was in the therapeutic range."
34,BI,0,"A 95-year-old woman with a history of dementia, osteoporosis, coronary artery disease, and mild renal disease presents following a fall from ground height and subsequent hip fracture. The surgical team is requesting spinal anesthesia as the primary anesthetic for the surgical procedure. Her medications include donepezil, aspirin, pravastatin, and prophylactic BID subcutaneous enoxaparin. The last dose of enoxaparin was 8 hours prior to the planned procedure."
35,BJ,1,"A 95-year-old woman with a history of dementia, osteoporosis, coronary artery disease, and mild renal disease presents following a fall from ground height and subsequent hip fracture. The surgical team is requesting spinal anesthesia as the primary anesthetic for the surgical procedure. Her medications include donepezil, aspirin, pravastatin, and prophylactic BID subcutaneous enoxaparin. The last dose of enoxaparin was 14 hours prior to the planned procedure."
36,BK,0,"A 95-year-old woman with a history of dementia, osteoporosis, coronary artery disease, and mild renal disease presents following a fall from ground height and subsequent hip fracture. The surgical team is requesting spinal anesthesia as the primary anesthetic for the surgical procedure. Her medications include donepezil, aspirin, pravastatin, and therapeutic subcutaneous enoxaparin. The last dose of enoxaparin was 20 hours prior to the planned procedure."
37,BL,1,"A 95-year-old woman with a history of dementia, osteoporosis, coronary artery disease, and mild renal disease presents following a fall from ground height and subsequent hip fracture. The surgical team is requesting spinal anesthesia as the primary anesthetic for the surgical procedure. Her medications include donepezil, aspirin, pravastatin, and therapeutic subcutaneous enoxaparin. The last dose of enoxaparin was 26 hours prior to the planned procedure."
38,BM,0,"A 95-year-old woman with a history of dementia, osteoporosis, coronary artery disease, and mild renal disease presents following a fall from ground height and subsequent hip fracture. The surgical team is requesting spinal anesthesia as the primary anesthetic for the surgical procedure. Her medications include donepezil, aspirin, pravastatin, and prophylactic apixaban. The last dose of apixaban was 36 hours prior to the planned procedure."
39,BN,1,"A 95-year-old woman with a history of dementia, osteoporosis, coronary artery disease, and mild renal disease presents following a fall from ground height and subsequent hip fracture. The surgical team is requesting spinal anesthesia as the primary anesthetic for the surgical procedure. Her medications include donepezil, aspirin, pravastatin, and prophylactic apixaban. The last dose of apixaban was 84 hours prior to the planned procedure."
40,BO,0,"A 95-year-old woman with a history of dementia, osteoporosis, coronary artery disease, and mild renal disease presents following a fall from ground height and subsequent hip fracture. The surgical team is requesting spinal anesthesia as the primary anesthetic for the surgical procedure. Her medications include donepezil, aspirin, pravastatin, and warfarin. Warfarin was held for three days, and the INR immediately prior to the planned procedure is 1.1."
41,BP,0,"A 95-year-old woman with a history of dementia, osteoporosis, coronary artery disease, and mild renal disease presents following a fall from ground height and subsequent hip fracture. The surgical team is requesting spinal anesthesia as the primary anesthetic for the surgical procedure. Her medications include donepezil, aspirin, pravastatin, and warfarin. Warfarin was held for three days, and the INR immediately prior to the planned procedure is 1.5."
42,BQ,1,"A 95-year-old woman with a history of dementia, osteoporosis, coronary artery disease, and mild renal disease presents following a fall from ground height and subsequent hip fracture. The surgical team is requesting spinal anesthesia as the primary anesthetic for the surgical procedure. Her medications include donepezil, aspirin, pravastatin, and warfarin. Warfarin was held for six days, and the INR immediately prior to the planned procedure is 1.1."
43,BR,0,"A 95-year-old woman with a history of dementia, osteoporosis, coronary artery disease, and mild renal disease presents following a fall from ground height and subsequent hip fracture. The surgical team is requesting spinal anesthesia as the primary anesthetic for the surgical procedure. Her medications include donepezil, aspirin, pravastatin, and warfarin. Warfarin was held for six days, and the INR immediately prior to the planned procedure is 1.5."
44,BS,1,"A 95-year-old woman with a history of dementia, osteoporosis, coronary artery disease, and mild renal disease presents following a fall from ground height and subsequent hip fracture. The surgical team is requesting spinal anesthesia as the primary anesthetic for the surgical procedure. Her medications include donepezil, aspirin, pravastatin, and aspirin. The last dose of aspirin was 1 hour prior to the planned procedure."
45,BT,1,"A 95-year-old woman with a history of dementia, osteoporosis, coronary artery disease, and mild renal disease presents following a fall from ground height and subsequent hip fracture. The surgical team is requesting spinal anesthesia as the primary anesthetic for the surgical procedure. Her medications include donepezil, aspirin, pravastatin, and aspirin. The last dose of aspirin was 24 hours prior to the planned procedure."
46,BU,0,"A 95-year-old woman with a history of dementia, osteoporosis, coronary artery disease, and mild renal disease presents following a fall from ground height and subsequent hip fracture. The surgical team is requesting spinal anesthesia as the primary anesthetic for the surgical procedure. Her medications include donepezil, aspirin, pravastatin, and dabigatran. The last dose of dabigatran was 48 hours prior to the planned procedure."
47,BV,1,"A 95-year-old woman with a history of dementia, osteoporosis, coronary artery disease, and mild renal disease presents following a fall from ground height and subsequent hip fracture. The surgical team is requesting spinal anesthesia as the primary anesthetic for the surgical procedure. Her medications include donepezil, aspirin, pravastatin, and dabigatran. The last dose of dabigatran was 120 hours prior to the planned procedure."
48,BW,0,"A 95-year-old woman with a history of dementia, osteoporosis, coronary artery disease, and mild renal disease presents following a fall from ground height and subsequent hip fracture. The surgical team is requesting spinal anesthesia as the primary anesthetic for the surgical procedure. Her medications include donepezil, aspirin, pravastatin, and rivaroxaban. The last dose of rivaroxaban was 48 hours prior to the planned procedure."
49,BX,1,"A 95-year-old woman with a history of dementia, osteoporosis, coronary artery disease, and mild renal disease presents following a fall from ground height and subsequent hip fracture. The surgical team is requesting spinal anesthesia as the primary anesthetic for the surgical procedure. Her medications include donepezil, aspirin, pravastatin, and rivaroxaban. The last dose of rivaroxaban was 84 hours prior to the planned procedure."
50,BY,0,"A 95-year-old woman with a history of dementia, osteoporosis, coronary artery disease, and mild renal disease presents following a fall from ground height and subsequent hip fracture. The surgical team is requesting spinal anesthesia as the primary anesthetic for the surgical procedure. Her medications include donepezil, aspirin, pravastatin, and clopidogrel. The last dose of clopidogrel was 4 days prior to the planned procedure."
51,BZ,1,"A 95-year-old woman with a history of dementia, osteoporosis, coronary artery disease, and mild renal disease presents following a fall from ground height and subsequent hip fracture. The surgical team is requesting spinal anesthesia as the primary anesthetic for the surgical procedure. Her medications include donepezil, aspirin, pravastatin, and clopidogrel. The last dose of clopidogrel was 8 days prior to the planned procedure."
52,CA,0,"A 48-year-old man with a history of diabetes, hepatocarcinoma, and hepatitis C presents for an open hepatectomy. The surgical team is requesting epidural analgesia for postoperative pain control. His medications include aspirin, gingko, ibuprofen, and 5000 Units subcutaneous heparin TID. The last dose of heparin was 3 hours before the planned procedure."
53,CB,1,"A 48-year-old man with a history of diabetes, hepatocarcinoma, and hepatitis C presents for an open hepatectomy. The surgical team is requesting epidural analgesia for postoperative pain control. His medications include aspirin, gingko, ibuprofen, and 5000 Units subcutaneous heparin TID. The last dose of heparin was 8 hours before the planned procedure."
54,CC,0,"A 48-year-old man with a history of diabetes, hepatocarcinoma, and hepatitis C presents for an open hepatectomy. The surgical team is requesting epidural analgesia for postoperative pain control. His medications include aspirin, gingko, ibuprofen, and 10,000 Units subcutaneous heparin TID. The last dose of heparin was 3 hours before the planned procedure."
55,CD,0,"A 48-year-old man with a history of diabetes, hepatocarcinoma, and hepatitis C presents for an open hepatectomy. The surgical team is requesting epidural analgesia for postoperative pain control. His medications include aspirin, gingko, ibuprofen, and 10,000 Units subcutaneous heparin TID. The last dose of heparin was 8 hours before the planned procedure."
56,CE,1,"A 48-year-old man with a history of diabetes, hepatocarcinoma, and hepatitis C presents for an open hepatectomy. The surgical team is requesting epidural analgesia for postoperative pain control. His medications include aspirin, gingko, ibuprofen, and IV heparin. The IV heparin was discontinued five hours before the planned procedure and the Anti-Xa assay was in the normal range."
57,CF,0,"A 48-year-old man with a history of diabetes, hepatocarcinoma, and hepatitis C presents for an open hepatectomy. The surgical team is requesting epidural analgesia for postoperative pain control. His medications include aspirin, gingko, ibuprofen, and IV heparin. The IV heparin was discontinued five hours before the planned procedure and the Anti-Xa assay was in the therapeutic range."
58,CG,0,"A 48-year-old man with a history of diabetes, hepatocarcinoma, and hepatitis C presents for an open hepatectomy. The surgical team is requesting epidural analgesia for postoperative pain control. His medications include aspirin, gingko, ibuprofen, and IV heparin. The IV heparin was discontinued two hours before the planned procedure and the Anti-Xa assay was in the normal range."
59,CH,0,"A 48-year-old man with a history of diabetes, hepatocarcinoma, and hepatitis C presents for an open hepatectomy. The surgical team is requesting epidural analgesia for postoperative pain control. His medications include aspirin, gingko, ibuprofen, and IV heparin. The IV heparin was discontinued two hours before the planned procedure and the Anti-Xa assay was in the therapeutic range."
60,CI,0,"A 48-year-old man with a history of diabetes, hepatocarcinoma, and hepatitis C presents for an open hepatectomy. The surgical team is requesting epidural analgesia for postoperative pain control. His medications include aspirin, gingko, ibuprofen, and prophylactic BID subcutaneous enoxaparin. The last dose of enoxaparin was 8 hours prior to the planned procedure."
61,CJ,1,"A 48-year-old man with a history of diabetes, hepatocarcinoma, and hepatitis C presents for an open hepatectomy. The surgical team is requesting epidural analgesia for postoperative pain control. His medications include aspirin, gingko, ibuprofen, and prophylactic BID subcutaneous enoxaparin. The last dose of enoxaparin was 14 hours prior to the planned procedure."
62,CK,0,"A 48-year-old man with a history of diabetes, hepatocarcinoma, and hepatitis C presents for an open hepatectomy. The surgical team is requesting epidural analgesia for postoperative pain control. His medications include aspirin, gingko, ibuprofen, and therapeutic subcutaneous enoxaparin. The last dose of enoxaparin was 20 hours prior to the planned procedure."
63,CL,1,"A 48-year-old man with a history of diabetes, hepatocarcinoma, and hepatitis C presents for an open hepatectomy. The surgical team is requesting epidural analgesia for postoperative pain control. His medications include aspirin, gingko, ibuprofen, and therapeutic subcutaneous enoxaparin. The last dose of enoxaparin was 26 hours prior to the planned procedure."
64,CM,0,"A 48-year-old man with a history of diabetes, hepatocarcinoma, and hepatitis C presents for an open hepatectomy. The surgical team is requesting epidural analgesia for postoperative pain control. His medications include aspirin, gingko, ibuprofen, and prophylactic apixaban. The last dose of apixaban was 36 hours prior to the planned procedure."
65,CN,1,"A 48-year-old man with a history of diabetes, hepatocarcinoma, and hepatitis C presents for an open hepatectomy. The surgical team is requesting epidural analgesia for postoperative pain control. His medications include aspirin, gingko, ibuprofen, and prophylactic apixaban. The last dose of apixaban was 84 hours prior to the planned procedure."
66,CO,0,"A 48-year-old man with a history of diabetes, hepatocarcinoma, and hepatitis C presents for an open hepatectomy. The surgical team is requesting epidural analgesia for postoperative pain control. His medications include aspirin, gingko, ibuprofen, and warfarin. Warfarin was held for three days, and the INR immediately prior to the planned procedure is 1.1."
67,CP,0,"A 48-year-old man with a history of diabetes, hepatocarcinoma, and hepatitis C presents for an open hepatectomy. The surgical team is requesting epidural analgesia for postoperative pain control. His medications include aspirin, gingko, ibuprofen, and warfarin. Warfarin was held for three days, and the INR immediately prior to the planned procedure is 1.5."
68,CQ,1,"A 48-year-old man with a history of diabetes, hepatocarcinoma, and hepatitis C presents for an open hepatectomy. The surgical team is requesting epidural analgesia for postoperative pain control. His medications include aspirin, gingko, ibuprofen, and warfarin. Warfarin was held for six days, and the INR immediately prior to the planned procedure is 1.1."
69,CR,0,"A 48-year-old man with a history of diabetes, hepatocarcinoma, and hepatitis C presents for an open hepatectomy. The surgical team is requesting epidural analgesia for postoperative pain control. His medications include aspirin, gingko, ibuprofen, and warfarin. Warfarin was held for six days, and the INR immediately prior to the planned procedure is 1.5."
70,CS,1,"A 48-year-old man with a history of diabetes, hepatocarcinoma, and hepatitis C presents for an open hepatectomy. The surgical team is requesting epidural analgesia for postoperative pain control. His medications include aspirin, gingko, ibuprofen, and aspirin. The last dose of aspirin was 1 hour prior to the planned procedure."
71,CT,1,"A 48-year-old man with a history of diabetes, hepatocarcinoma, and hepatitis C presents for an open hepatectomy. The surgical team is requesting epidural analgesia for postoperative pain control. His medications include aspirin, gingko, ibuprofen, and aspirin. The last dose of aspirin was 24 hours prior to the planned procedure."
72,CU,0,"A 48-year-old man with a history of diabetes, hepatocarcinoma, and hepatitis C presents for an open hepatectomy. The surgical team is requesting epidural analgesia for postoperative pain control. His medications include aspirin, gingko, ibuprofen, and dabigatran. The last dose of dabigatran was 48 hours prior to the planned procedure."
73,CV,1,"A 48-year-old man with a history of diabetes, hepatocarcinoma, and hepatitis C presents for an open hepatectomy. The surgical team is requesting epidural analgesia for postoperative pain control. His medications include aspirin, gingko, ibuprofen, and dabigatran. The last dose of dabigatran was 120 hours prior to the planned procedure."
74,CW,0,"A 48-year-old man with a history of diabetes, hepatocarcinoma, and hepatitis C presents for an open hepatectomy. The surgical team is requesting epidural analgesia for postoperative pain control. His medications include aspirin, gingko, ibuprofen, and rivaroxaban. The last dose of rivaroxaban was 48 hours prior to the planned procedure."
75,CX,1,"A 48-year-old man with a history of diabetes, hepatocarcinoma, and hepatitis C presents for an open hepatectomy. The surgical team is requesting epidural analgesia for postoperative pain control. His medications include aspirin, gingko, ibuprofen, and rivaroxaban. The last dose of rivaroxaban was 84 hours prior to the planned procedure."
76,CY,0,"A 48-year-old man with a history of diabetes, hepatocarcinoma, and hepatitis C presents for an open hepatectomy. The surgical team is requesting epidural analgesia for postoperative pain control. His medications include aspirin, gingko, ibuprofen, and clopidogrel. The last dose of clopidogrel was 4 days prior to the planned procedure."
77,CZ,1,"A 48-year-old man with a history of diabetes, hepatocarcinoma, and hepatitis C presents for an open hepatectomy. The surgical team is requesting epidural analgesia for postoperative pain control. His medications include aspirin, gingko, ibuprofen, and clopidogrel. The last dose of clopidogrel was 8 days prior to the planned procedure."
78,DA,0,"A 23-year-old man presents with multiple rib fractures. The team caring for the patient is requesting epidural analgesia for pain control in the setting of multiple rib fractures. His medications include acetaminophen, gabapentin, oxycodone, and 5000 Units subcutaneous heparin TID. The last dose of heparin was 3 hours before the planned procedure."
79,DB,1,"A 23-year-old man presents with multiple rib fractures. The team caring for the patient is requesting epidural analgesia for pain control in the setting of multiple rib fractures. His medications include acetaminophen, gabapentin, oxycodone, and 5000 Units subcutaneous heparin TID. The last dose of heparin was 8 hours before the planned procedure."
80,DC,0,"A 23-year-old man presents with multiple rib fractures. The team caring for the patient is requesting epidural analgesia for pain control in the setting of multiple rib fractures. His medications include acetaminophen, gabapentin, oxycodone, and 10,000 Units subcutaneous heparin TID. The last dose of heparin was 3 hours before the planned procedure."
81,DD,0,"A 23-year-old man presents with multiple rib fractures. The team caring for the patient is requesting epidural analgesia for pain control in the setting of multiple rib fractures. His medications include acetaminophen, gabapentin, oxycodone, and 10,000 Units subcutaneous heparin TID. The last dose of heparin was 8 hours before the planned procedure."
82,DE,1,"A 23-year-old man presents with multiple rib fractures. The team caring for the patient is requesting epidural analgesia for pain control in the setting of multiple rib fractures. His medications include acetaminophen, gabapentin, oxycodone, and IV heparin. The IV heparin was discontinued five hours before the planned procedure and the Anti-Xa assay was in the normal range."
83,DF,0,"A 23-year-old man presents with multiple rib fractures. The team caring for the patient is requesting epidural analgesia for pain control in the setting of multiple rib fractures. His medications include acetaminophen, gabapentin, oxycodone, and IV heparin. The IV heparin was discontinued five hours before the planned procedure and the Anti-Xa assay was in the therapeutic range."
84,DG,0,"A 23-year-old man presents with multiple rib fractures. The team caring for the patient is requesting epidural analgesia for pain control in the setting of multiple rib fractures. His medications include acetaminophen, gabapentin, oxycodone, and IV heparin. The IV heparin was discontinued two hours before the planned procedure and the Anti-Xa assay was in the normal range."
85,DH,0,"A 23-year-old man presents with multiple rib fractures. The team caring for the patient is requesting epidural analgesia for pain control in the setting of multiple rib fractures. His medications include acetaminophen, gabapentin, oxycodone, and IV heparin. The IV heparin was discontinued two hours before the planned procedure and the Anti-Xa assay was in the therapeutic range."
86,DI,0,"A 23-year-old man presents with multiple rib fractures. The team caring for the patient is requesting epidural analgesia for pain control in the setting of multiple rib fractures. His medications include acetaminophen, gabapentin, oxycodone, and prophylactic BID subcutaneous enoxaparin. The last dose of enoxaparin was 8 hours prior to the planned procedure."
87,DJ,1,"A 23-year-old man presents with multiple rib fractures. The team caring for the patient is requesting epidural analgesia for pain control in the setting of multiple rib fractures. His medications include acetaminophen, gabapentin, oxycodone, and prophylactic BID subcutaneous enoxaparin. The last dose of enoxaparin was 14 hours prior to the planned procedure."
88,DK,0,"A 23-year-old man presents with multiple rib fractures. The team caring for the patient is requesting epidural analgesia for pain control in the setting of multiple rib fractures. His medications include acetaminophen, gabapentin, oxycodone, and therapeutic subcutaneous enoxaparin. The last dose of enoxaparin was 20 hours prior to the planned procedure."
89,DL,1,"A 23-year-old man presents with multiple rib fractures. The team caring for the patient is requesting epidural analgesia for pain control in the setting of multiple rib fractures. His medications include acetaminophen, gabapentin, oxycodone, and therapeutic subcutaneous enoxaparin. The last dose of enoxaparin was 26 hours prior to the planned procedure."
90,DM,0,"A 23-year-old man presents with multiple rib fractures. The team caring for the patient is requesting epidural analgesia for pain control in the setting of multiple rib fractures. His medications include acetaminophen, gabapentin, oxycodone, and prophylactic apixaban. The last dose of apixaban was 36 hours prior to the planned procedure."
91,DN,1,"A 23-year-old man presents with multiple rib fractures. The team caring for the patient is requesting epidural analgesia for pain control in the setting of multiple rib fractures. His medications include acetaminophen, gabapentin, oxycodone, and prophylactic apixaban. The last dose of apixaban was 84 hours prior to the planned procedure."
92,DO,0,"A 23-year-old man presents with multiple rib fractures. The team caring for the patient is requesting epidural analgesia for pain control in the setting of multiple rib fractures. His medications include acetaminophen, gabapentin, oxycodone, and warfarin. Warfarin was held for three days, and the INR immediately prior to the planned procedure is 1.1."
93,DP,0,"A 23-year-old man presents with multiple rib fractures. The team caring for the patient is requesting epidural analgesia for pain control in the setting of multiple rib fractures. His medications include acetaminophen, gabapentin, oxycodone, and warfarin. Warfarin was held for three days, and the INR immediately prior to the planned procedure is 1.5."
94,DQ,1,"A 23-year-old man presents with multiple rib fractures. The team caring for the patient is requesting epidural analgesia for pain control in the setting of multiple rib fractures. His medications include acetaminophen, gabapentin, oxycodone, and warfarin. Warfarin was held for six days, and the INR immediately prior to the planned procedure is 1.1."
95,DR,0,"A 23-year-old man presents with multiple rib fractures. The team caring for the patient is requesting epidural analgesia for pain control in the setting of multiple rib fractures. His medications include acetaminophen, gabapentin, oxycodone, and warfarin. Warfarin was held for six days, and the INR immediately prior to the planned procedure is 1.5."
96,DS,1,"A 23-year-old man presents with multiple rib fractures. The team caring for the patient is requesting epidural analgesia for pain control in the setting of multiple rib fractures. His medications include acetaminophen, gabapentin, oxycodone, and aspirin. The last dose of aspirin was 1 hour prior to the planned procedure."
97,DT,1,"A 23-year-old man presents with multiple rib fractures. The team caring for the patient is requesting epidural analgesia for pain control in the setting of multiple rib fractures. His medications include acetaminophen, gabapentin, oxycodone, and aspirin. The last dose of aspirin was 24 hours prior to the planned procedure."
98,DU,0,"A 23-year-old man presents with multiple rib fractures. The team caring for the patient is requesting epidural analgesia for pain control in the setting of multiple rib fractures. His medications include acetaminophen, gabapentin, oxycodone, and dabigatran. The last dose of dabigatran was 48 hours prior to the planned procedure."
99,DV,1,"A 23-year-old man presents with multiple rib fractures. The team caring for the patient is requesting epidural analgesia for pain control in the setting of multiple rib fractures. His medications include acetaminophen, gabapentin, oxycodone, and dabigatran. The last dose of dabigatran was 120 hours prior to the planned procedure."
100,DW,0,"A 23-year-old man presents with multiple rib fractures. The team caring for the patient is requesting epidural analgesia for pain control in the setting of multiple rib fractures. His medications include acetaminophen, gabapentin, oxycodone, and rivaroxaban. The last dose of rivaroxaban was 48 hours prior to the planned procedure."
101,DX,1,"A 23-year-old man presents with multiple rib fractures. The team caring for the patient is requesting epidural analgesia for pain control in the setting of multiple rib fractures. His medications include acetaminophen, gabapentin, oxycodone, and rivaroxaban. The last dose of rivaroxaban was 84 hours prior to the planned procedure."
102,DY,0,"A 23-year-old man presents with multiple rib fractures. The team caring for the patient is requesting epidural analgesia for pain control in the setting of multiple rib fractures. His medications include acetaminophen, gabapentin, oxycodone, and clopidogrel. The last dose of clopidogrel was 4 days prior to the planned procedure."
103,DZ,1,"A 23-year-old man presents with multiple rib fractures. The team caring for the patient is requesting epidural analgesia for pain control in the setting of multiple rib fractures. His medications include acetaminophen, gabapentin, oxycodone, and clopidogrel. The last dose of clopidogrel was 8 days prior to the planned procedure."
104,EA,0,A 43-year-old woman with a history of uterine fibroids and factor V Leiden presents for an abdominal hysterectomy. The surgical team is requesting epidural analgesia for postoperative pain control. Her medications include acetaminophen and 5000 Units subcutaneous heparin TID. The last dose of heparin was 3 hours before the planned procedure.
105,EB,1,A 43-year-old woman with a history of uterine fibroids and factor V Leiden presents for an abdominal hysterectomy. The surgical team is requesting epidural analgesia for postoperative pain control. Her medications include acetaminophen and 5000 Units subcutaneous heparin TID. The last dose of heparin was 8 hours before the planned procedure.
106,EC,0,"A 43-year-old woman with a history of uterine fibroids and factor V Leiden presents for an abdominal hysterectomy. The surgical team is requesting epidural analgesia for postoperative pain control. Her medications include acetaminophen and 10,000 Units subcutaneous heparin TID. The last dose of heparin was 3 hours before the planned procedure."
107,ED,0,"A 43-year-old woman with a history of uterine fibroids and factor V Leiden presents for an abdominal hysterectomy. The surgical team is requesting epidural analgesia for postoperative pain control. Her medications include acetaminophen and 10,000 Units subcutaneous heparin TID. The last dose of heparin was 8 hours before the planned procedure."
108,EE,1,A 43-year-old woman with a history of uterine fibroids and factor V Leiden presents for an abdominal hysterectomy. The surgical team is requesting epidural analgesia for postoperative pain control. Her medications include acetaminophen and IV heparin. The IV heparin was discontinued five hours before the planned procedure and the Anti-Xa assay was in the normal range.
109,EF,0,A 43-year-old woman with a history of uterine fibroids and factor V Leiden presents for an abdominal hysterectomy. The surgical team is requesting epidural analgesia for postoperative pain control. Her medications include acetaminophen and IV heparin. The IV heparin was discontinued five hours before the planned procedure and the Anti-Xa assay was in the therapeutic range.
110,EG,0,A 43-year-old woman with a history of uterine fibroids and factor V Leiden presents for an abdominal hysterectomy. The surgical team is requesting epidural analgesia for postoperative pain control. Her medications include acetaminophen and IV heparin. The IV heparin was discontinued two hours before the planned procedure and the Anti-Xa assay was in the normal range.
111,EH,0,A 43-year-old woman with a history of uterine fibroids and factor V Leiden presents for an abdominal hysterectomy. The surgical team is requesting epidural analgesia for postoperative pain control. Her medications include acetaminophen and IV heparin. The IV heparin was discontinued two hours before the planned procedure and the Anti-Xa assay was in the therapeutic range.
112,EI,0,A 43-year-old woman with a history of uterine fibroids and factor V Leiden presents for an abdominal hysterectomy. The surgical team is requesting epidural analgesia for postoperative pain control. Her medications include acetaminophen and prophylactic BID subcutaneous enoxaparin. The last dose of enoxaparin was 8 hours prior to the planned procedure.
113,EJ,1,A 43-year-old woman with a history of uterine fibroids and factor V Leiden presents for an abdominal hysterectomy. The surgical team is requesting epidural analgesia for postoperative pain control. Her medications include acetaminophen and prophylactic BID subcutaneous enoxaparin. The last dose of enoxaparin was 14 hours prior to the planned procedure.
114,EK,0,A 43-year-old woman with a history of uterine fibroids and factor V Leiden presents for an abdominal hysterectomy. The surgical team is requesting epidural analgesia for postoperative pain control. Her medications include acetaminophen and therapeutic subcutaneous enoxaparin. The last dose of enoxaparin was 20 hours prior to the planned procedure.
115,EL,1,A 43-year-old woman with a history of uterine fibroids and factor V Leiden presents for an abdominal hysterectomy. The surgical team is requesting epidural analgesia for postoperative pain control. Her medications include acetaminophen and therapeutic subcutaneous enoxaparin. The last dose of enoxaparin was 26 hours prior to the planned procedure.
116,EM,0,A 43-year-old woman with a history of uterine fibroids and factor V Leiden presents for an abdominal hysterectomy. The surgical team is requesting epidural analgesia for postoperative pain control. Her medications include acetaminophen and prophylactic apixaban. The last dose of apixaban was 36 hours prior to the planned procedure.
117,EN,1,A 43-year-old woman with a history of uterine fibroids and factor V Leiden presents for an abdominal hysterectomy. The surgical team is requesting epidural analgesia for postoperative pain control. Her medications include acetaminophen and prophylactic apixaban. The last dose of apixaban was 84 hours prior to the planned procedure.
118,EO,0,"A 43-year-old woman with a history of uterine fibroids and factor V Leiden presents for an abdominal hysterectomy. The surgical team is requesting epidural analgesia for postoperative pain control. Her medications include acetaminophen and warfarin. Warfarin was held for three days, and the INR immediately prior to the planned procedure is 1.1."
119,EP,0,"A 43-year-old woman with a history of uterine fibroids and factor V Leiden presents for an abdominal hysterectomy. The surgical team is requesting epidural analgesia for postoperative pain control. Her medications include acetaminophen and warfarin. Warfarin was held for three days, and the INR immediately prior to the planned procedure is 1.5."
120,EQ,1,"A 43-year-old woman with a history of uterine fibroids and factor V Leiden presents for an abdominal hysterectomy. The surgical team is requesting epidural analgesia for postoperative pain control. Her medications include acetaminophen and warfarin. Warfarin was held for six days, and the INR immediately prior to the planned procedure is 1.1."
121,ER,0,"A 43-year-old woman with a history of uterine fibroids and factor V Leiden presents for an abdominal hysterectomy. The surgical team is requesting epidural analgesia for postoperative pain control. Her medications include acetaminophen and warfarin. Warfarin was held for six days, and the INR immediately prior to the planned procedure is 1.5."
122,ES,1,A 43-year-old woman with a history of uterine fibroids and factor V Leiden presents for an abdominal hysterectomy. The surgical team is requesting epidural analgesia for postoperative pain control. Her medications include acetaminophen and aspirin. The last dose of aspirin was 1 hour prior to the planned procedure.
123,ET,1,A 43-year-old woman with a history of uterine fibroids and factor V Leiden presents for an abdominal hysterectomy. The surgical team is requesting epidural analgesia for postoperative pain control. Her medications include acetaminophen and aspirin. The last dose of aspirin was 24 hours prior to the planned procedure.
124,EU,0,A 43-year-old woman with a history of uterine fibroids and factor V Leiden presents for an abdominal hysterectomy. The surgical team is requesting epidural analgesia for postoperative pain control. Her medications include acetaminophen and dabigatran. The last dose of dabigatran was 48 hours prior to the planned procedure.
125,EV,1,A 43-year-old woman with a history of uterine fibroids and factor V Leiden presents for an abdominal hysterectomy. The surgical team is requesting epidural analgesia for postoperative pain control. Her medications include acetaminophen and dabigatran. The last dose of dabigatran was 120 hours prior to the planned procedure.
126,EW,0,A 43-year-old woman with a history of uterine fibroids and factor V Leiden presents for an abdominal hysterectomy. The surgical team is requesting epidural analgesia for postoperative pain control. Her medications include acetaminophen and rivaroxaban. The last dose of rivaroxaban was 48 hours prior to the planned procedure.
127,EX,1,A 43-year-old woman with a history of uterine fibroids and factor V Leiden presents for an abdominal hysterectomy. The surgical team is requesting epidural analgesia for postoperative pain control. Her medications include acetaminophen and rivaroxaban. The last dose of rivaroxaban was 84 hours prior to the planned procedure.
128,EY,0,A 43-year-old woman with a history of uterine fibroids and factor V Leiden presents for an abdominal hysterectomy. The surgical team is requesting epidural analgesia for postoperative pain control. Her medications include acetaminophen and clopidogrel. The last dose of clopidogrel was 4 days prior to the planned procedure.
129,EZ,1,A 43-year-old woman with a history of uterine fibroids and factor V Leiden presents for an abdominal hysterectomy. The surgical team is requesting epidural analgesia for postoperative pain control. Her medications include acetaminophen and clopidogrel. The last dose of clopidogrel was 8 days prior to the planned procedure.
130,FA,0,"An 85-year-old man with a history of stroke, hypertension, diastolic heart failure, and obesity presents for an L3-4 lumbar laminectomy. The surgical team is requesting that a spinal anesthetic be administered for the procedure. His medications include metoprolol, clonidine, lisinopril, aspirin, and 5000 Units subcutaneous heparin TID. The last dose of heparin was 3 hours before the planned procedure."
131,FB,1,"An 85-year-old man with a history of stroke, hypertension, diastolic heart failure, and obesity presents for an L3-4 lumbar laminectomy. The surgical team is requesting that a spinal anesthetic be administered for the procedure. His medications include metoprolol, clonidine, lisinopril, aspirin, and 5000 Units subcutaneous heparin TID. The last dose of heparin was 8 hours before the planned procedure."
132,FC,0,"An 85-year-old man with a history of stroke, hypertension, diastolic heart failure, and obesity presents for an L3-4 lumbar laminectomy. The surgical team is requesting that a spinal anesthetic be administered for the procedure. His medications include metoprolol, clonidine, lisinopril, aspirin, and 10,000 Units subcutaneous heparin TID. The last dose of heparin was 3 hours before the planned procedure."
133,FD,0,"An 85-year-old man with a history of stroke, hypertension, diastolic heart failure, and obesity presents for an L3-4 lumbar laminectomy. The surgical team is requesting that a spinal anesthetic be administered for the procedure. His medications include metoprolol, clonidine, lisinopril, aspirin, and 10,000 Units subcutaneous heparin TID. The last dose of heparin was 8 hours before the planned procedure."
134,FE,1,"An 85-year-old man with a history of stroke, hypertension, diastolic heart failure, and obesity presents for an L3-4 lumbar laminectomy. The surgical team is requesting that a spinal anesthetic be administered for the procedure. His medications include metoprolol, clonidine, lisinopril, aspirin, and IV heparin. The IV heparin was discontinued five hours before the planned procedure and the Anti-Xa assay was in the normal range."
135,FF,0,"An 85-year-old man with a history of stroke, hypertension, diastolic heart failure, and obesity presents for an L3-4 lumbar laminectomy. The surgical team is requesting that a spinal anesthetic be administered for the procedure. His medications include metoprolol, clonidine, lisinopril, aspirin, and IV heparin. The IV heparin was discontinued five hours before the planned procedure and the Anti-Xa assay was in the therapeutic range."
136,FG,0,"An 85-year-old man with a history of stroke, hypertension, diastolic heart failure, and obesity presents for an L3-4 lumbar laminectomy. The surgical team is requesting that a spinal anesthetic be administered for the procedure. His medications include metoprolol, clonidine, lisinopril, aspirin, and IV heparin. The IV heparin was discontinued two hours before the planned procedure and the Anti-Xa assay was in the normal range."
137,FH,0,"An 85-year-old man with a history of stroke, hypertension, diastolic heart failure, and obesity presents for an L3-4 lumbar laminectomy. The surgical team is requesting that a spinal anesthetic be administered for the procedure. His medications include metoprolol, clonidine, lisinopril, aspirin, and IV heparin. The IV heparin was discontinued two hours before the planned procedure and the Anti-Xa assay was in the therapeutic range."
138,FI,0,"An 85-year-old man with a history of stroke, hypertension, diastolic heart failure, and obesity presents for an L3-4 lumbar laminectomy. The surgical team is requesting that a spinal anesthetic be administered for the procedure. His medications include metoprolol, clonidine, lisinopril, aspirin, and prophylactic BID subcutaneous enoxaparin. The last dose of enoxaparin was 8 hours prior to the planned procedure."
139,FJ,1,"An 85-year-old man with a history of stroke, hypertension, diastolic heart failure, and obesity presents for an L3-4 lumbar laminectomy. The surgical team is requesting that a spinal anesthetic be administered for the procedure. His medications include metoprolol, clonidine, lisinopril, aspirin, and prophylactic BID subcutaneous enoxaparin. The last dose of enoxaparin was 14 hours prior to the planned procedure."
140,FK,0,"An 85-year-old man with a history of stroke, hypertension, diastolic heart failure, and obesity presents for an L3-4 lumbar laminectomy. The surgical team is requesting that a spinal anesthetic be administered for the procedure. His medications include metoprolol, clonidine, lisinopril, aspirin, and therapeutic subcutaneous enoxaparin. The last dose of enoxaparin was 20 hours prior to the planned procedure."
141,FL,1,"An 85-year-old man with a history of stroke, hypertension, diastolic heart failure, and obesity presents for an L3-4 lumbar laminectomy. The surgical team is requesting that a spinal anesthetic be administered for the procedure. His medications include metoprolol, clonidine, lisinopril, aspirin, and therapeutic subcutaneous enoxaparin. The last dose of enoxaparin was 26 hours prior to the planned procedure."
142,FM,0,"An 85-year-old man with a history of stroke, hypertension, diastolic heart failure, and obesity presents for an L3-4 lumbar laminectomy. The surgical team is requesting that a spinal anesthetic be administered for the procedure. His medications include metoprolol, clonidine, lisinopril, aspirin, and prophylactic apixaban. The last dose of apixaban was 36 hours prior to the planned procedure."
143,FN,1,"An 85-year-old man with a history of stroke, hypertension, diastolic heart failure, and obesity presents for an L3-4 lumbar laminectomy. The surgical team is requesting that a spinal anesthetic be administered for the procedure. His medications include metoprolol, clonidine, lisinopril, aspirin, and prophylactic apixaban. The last dose of apixaban was 84 hours prior to the planned procedure."
144,FO,0,"An 85-year-old man with a history of stroke, hypertension, diastolic heart failure, and obesity presents for an L3-4 lumbar laminectomy. The surgical team is requesting that a spinal anesthetic be administered for the procedure. His medications include metoprolol, clonidine, lisinopril, aspirin, and warfarin. Warfarin was held for three days, and the INR immediately prior to the planned procedure is 1.1."
145,FP,0,"An 85-year-old man with a history of stroke, hypertension, diastolic heart failure, and obesity presents for an L3-4 lumbar laminectomy. The surgical team is requesting that a spinal anesthetic be administered for the procedure. His medications include metoprolol, clonidine, lisinopril, aspirin, and warfarin. Warfarin was held for three days, and the INR immediately prior to the planned procedure is 1.5."
146,FQ,1,"An 85-year-old man with a history of stroke, hypertension, diastolic heart failure, and obesity presents for an L3-4 lumbar laminectomy. The surgical team is requesting that a spinal anesthetic be administered for the procedure. His medications include metoprolol, clonidine, lisinopril, aspirin, and warfarin. Warfarin was held for six days, and the INR immediately prior to the planned procedure is 1.1."
147,FR,0,"An 85-year-old man with a history of stroke, hypertension, diastolic heart failure, and obesity presents for an L3-4 lumbar laminectomy. The surgical team is requesting that a spinal anesthetic be administered for the procedure. His medications include metoprolol, clonidine, lisinopril, aspirin, and warfarin. Warfarin was held for six days, and the INR immediately prior to the planned procedure is 1.5."
148,FS,1,"An 85-year-old man with a history of stroke, hypertension, diastolic heart failure, and obesity presents for an L3-4 lumbar laminectomy. The surgical team is requesting that a spinal anesthetic be administered for the procedure. His medications include metoprolol, clonidine, lisinopril, aspirin, and aspirin. The last dose of aspirin was 1 hour prior to the planned procedure."
149,FT,1,"An 85-year-old man with a history of stroke, hypertension, diastolic heart failure, and obesity presents for an L3-4 lumbar laminectomy. The surgical team is requesting that a spinal anesthetic be administered for the procedure. His medications include metoprolol, clonidine, lisinopril, aspirin, and aspirin. The last dose of aspirin was 24 hours prior to the planned procedure."
150,FU,0,"An 85-year-old man with a history of stroke, hypertension, diastolic heart failure, and obesity presents for an L3-4 lumbar laminectomy. The surgical team is requesting that a spinal anesthetic be administered for the procedure. His medications include metoprolol, clonidine, lisinopril, aspirin, and dabigatran. The last dose of dabigatran was 48 hours prior to the planned procedure."
151,FV,1,"An 85-year-old man with a history of stroke, hypertension, diastolic heart failure, and obesity presents for an L3-4 lumbar laminectomy. The surgical team is requesting that a spinal anesthetic be administered for the procedure. His medications include metoprolol, clonidine, lisinopril, aspirin, and dabigatran. The last dose of dabigatran was 120 hours prior to the planned procedure."
152,FW,0,"An 85-year-old man with a history of stroke, hypertension, diastolic heart failure, and obesity presents for an L3-4 lumbar laminectomy. The surgical team is requesting that a spinal anesthetic be administered for the procedure. His medications include metoprolol, clonidine, lisinopril, aspirin, and rivaroxaban. The last dose of rivaroxaban was 48 hours prior to the planned procedure."
153,FX,1,"An 85-year-old man with a history of stroke, hypertension, diastolic heart failure, and obesity presents for an L3-4 lumbar laminectomy. The surgical team is requesting that a spinal anesthetic be administered for the procedure. His medications include metoprolol, clonidine, lisinopril, aspirin, and rivaroxaban. The last dose of rivaroxaban was 84 hours prior to the planned procedure."
154,FY,0,"An 85-year-old man with a history of stroke, hypertension, diastolic heart failure, and obesity presents for an L3-4 lumbar laminectomy. The surgical team is requesting that a spinal anesthetic be administered for the procedure. His medications include metoprolol, clonidine, lisinopril, aspirin, and clopidogrel. The last dose of clopidogrel was 4 days prior to the planned procedure."
155,FZ,1,"An 85-year-old man with a history of stroke, hypertension, diastolic heart failure, and obesity presents for an L3-4 lumbar laminectomy. The surgical team is requesting that a spinal anesthetic be administered for the procedure. His medications include metoprolol, clonidine, lisinopril, aspirin, and clopidogrel. The last dose of clopidogrel was 8 days prior to the planned procedure."
156,GA,0,A 67-year-old woman with a history of deep venous thrombosis presents for total knee arthroplasty. The surgical team is requesting spinal anesthesia as the primary anesthetic for the surgical procedure. Her medications include acetaminophen and 5000 Units subcutaneous heparin TID. The last dose of heparin was 3 hours before the planned procedure.
157,GB,1,A 67-year-old woman with a history of deep venous thrombosis presents for total knee arthroplasty. The surgical team is requesting spinal anesthesia as the primary anesthetic for the surgical procedure. Her medications include acetaminophen and 5000 Units subcutaneous heparin TID. The last dose of heparin was 8 hours before the planned procedure.
158,GC,0,"A 67-year-old woman with a history of deep venous thrombosis presents for total knee arthroplasty. The surgical team is requesting spinal anesthesia as the primary anesthetic for the surgical procedure. Her medications include acetaminophen and 10,000 Units subcutaneous heparin TID. The last dose of heparin was 3 hours before the planned procedure."
159,GD,0,"A 67-year-old woman with a history of deep venous thrombosis presents for total knee arthroplasty. The surgical team is requesting spinal anesthesia as the primary anesthetic for the surgical procedure. Her medications include acetaminophen and 10,000 Units subcutaneous heparin TID. The last dose of heparin was 8 hours before the planned procedure."
160,GE,1,A 67-year-old woman with a history of deep venous thrombosis presents for total knee arthroplasty. The surgical team is requesting spinal anesthesia as the primary anesthetic for the surgical procedure. Her medications include acetaminophen and IV heparin. The IV heparin was discontinued five hours before the planned procedure and the Anti-Xa assay was in the normal range.
161,GF,0,A 67-year-old woman with a history of deep venous thrombosis presents for total knee arthroplasty. The surgical team is requesting spinal anesthesia as the primary anesthetic for the surgical procedure. Her medications include acetaminophen and IV heparin. The IV heparin was discontinued five hours before the planned procedure and the Anti-Xa assay was in the therapeutic range.
162,GG,0,A 67-year-old woman with a history of deep venous thrombosis presents for total knee arthroplasty. The surgical team is requesting spinal anesthesia as the primary anesthetic for the surgical procedure. Her medications include acetaminophen and IV heparin. The IV heparin was discontinued two hours before the planned procedure and the Anti-Xa assay was in the normal range.
163,GH,0,A 67-year-old woman with a history of deep venous thrombosis presents for total knee arthroplasty. The surgical team is requesting spinal anesthesia as the primary anesthetic for the surgical procedure. Her medications include acetaminophen and IV heparin. The IV heparin was discontinued two hours before the planned procedure and the Anti-Xa assay was in the therapeutic range.
164,GI,0,A 67-year-old woman with a history of deep venous thrombosis presents for total knee arthroplasty. The surgical team is requesting spinal anesthesia as the primary anesthetic for the surgical procedure. Her medications include acetaminophen and prophylactic BID subcutaneous enoxaparin. The last dose of enoxaparin was 8 hours prior to the planned procedure.
165,GJ,1,A 67-year-old woman with a history of deep venous thrombosis presents for total knee arthroplasty. The surgical team is requesting spinal anesthesia as the primary anesthetic for the surgical procedure. Her medications include acetaminophen and prophylactic BID subcutaneous enoxaparin. The last dose of enoxaparin was 14 hours prior to the planned procedure.
166,GK,0,A 67-year-old woman with a history of deep venous thrombosis presents for total knee arthroplasty. The surgical team is requesting spinal anesthesia as the primary anesthetic for the surgical procedure. Her medications include acetaminophen and therapeutic subcutaneous enoxaparin. The last dose of enoxaparin was 20 hours prior to the planned procedure.
167,GL,1,A 67-year-old woman with a history of deep venous thrombosis presents for total knee arthroplasty. The surgical team is requesting spinal anesthesia as the primary anesthetic for the surgical procedure. Her medications include acetaminophen and therapeutic subcutaneous enoxaparin. The last dose of enoxaparin was 26 hours prior to the planned procedure.
168,GM,0,A 67-year-old woman with a history of deep venous thrombosis presents for total knee arthroplasty. The surgical team is requesting spinal anesthesia as the primary anesthetic for the surgical procedure. Her medications include acetaminophen and prophylactic apixaban. The last dose of apixaban was 36 hours prior to the planned procedure.
169,GN,1,A 67-year-old woman with a history of deep venous thrombosis presents for total knee arthroplasty. The surgical team is requesting spinal anesthesia as the primary anesthetic for the surgical procedure. Her medications include acetaminophen and prophylactic apixaban. The last dose of apixaban was 84 hours prior to the planned procedure.
170,GO,0,"A 67-year-old woman with a history of deep venous thrombosis presents for total knee arthroplasty. The surgical team is requesting spinal anesthesia as the primary anesthetic for the surgical procedure. Her medications include acetaminophen and warfarin. Warfarin was held for three days, and the INR immediately prior to the planned procedure is 1.1."
171,GP,0,"A 67-year-old woman with a history of deep venous thrombosis presents for total knee arthroplasty. The surgical team is requesting spinal anesthesia as the primary anesthetic for the surgical procedure. Her medications include acetaminophen and warfarin. Warfarin was held for three days, and the INR immediately prior to the planned procedure is 1.5."
172,GQ,1,"A 67-year-old woman with a history of deep venous thrombosis presents for total knee arthroplasty. The surgical team is requesting spinal anesthesia as the primary anesthetic for the surgical procedure. Her medications include acetaminophen and warfarin. Warfarin was held for six days, and the INR immediately prior to the planned procedure is 1.1."
173,GR,0,"A 67-year-old woman with a history of deep venous thrombosis presents for total knee arthroplasty. The surgical team is requesting spinal anesthesia as the primary anesthetic for the surgical procedure. Her medications include acetaminophen and warfarin. Warfarin was held for six days, and the INR immediately prior to the planned procedure is 1.5."
174,GS,1,A 67-year-old woman with a history of deep venous thrombosis presents for total knee arthroplasty. The surgical team is requesting spinal anesthesia as the primary anesthetic for the surgical procedure. Her medications include acetaminophen and aspirin. The last dose of aspirin was 1 hour prior to the planned procedure.
175,GT,1,A 67-year-old woman with a history of deep venous thrombosis presents for total knee arthroplasty. The surgical team is requesting spinal anesthesia as the primary anesthetic for the surgical procedure. Her medications include acetaminophen and aspirin. The last dose of aspirin was 24 hours prior to the planned procedure.
176,GU,0,A 67-year-old woman with a history of deep venous thrombosis presents for total knee arthroplasty. The surgical team is requesting spinal anesthesia as the primary anesthetic for the surgical procedure. Her medications include acetaminophen and dabigatran. The last dose of dabigatran was 48 hours prior to the planned procedure.
177,GV,1,A 67-year-old woman with a history of deep venous thrombosis presents for total knee arthroplasty. The surgical team is requesting spinal anesthesia as the primary anesthetic for the surgical procedure. Her medications include acetaminophen and dabigatran. The last dose of dabigatran was 120 hours prior to the planned procedure.
178,GW,0,A 67-year-old woman with a history of deep venous thrombosis presents for total knee arthroplasty. The surgical team is requesting spinal anesthesia as the primary anesthetic for the surgical procedure. Her medications include acetaminophen and rivaroxaban. The last dose of rivaroxaban was 48 hours prior to the planned procedure.
179,GX,1,A 67-year-old woman with a history of deep venous thrombosis presents for total knee arthroplasty. The surgical team is requesting spinal anesthesia as the primary anesthetic for the surgical procedure. Her medications include acetaminophen and rivaroxaban. The last dose of rivaroxaban was 84 hours prior to the planned procedure.
180,GY,0,A 67-year-old woman with a history of deep venous thrombosis presents for total knee arthroplasty. The surgical team is requesting spinal anesthesia as the primary anesthetic for the surgical procedure. Her medications include acetaminophen and clopidogrel. The last dose of clopidogrel was 4 days prior to the planned procedure.
181,GZ,1,A 67-year-old woman with a history of deep venous thrombosis presents for total knee arthroplasty. The surgical team is requesting spinal anesthesia as the primary anesthetic for the surgical procedure. Her medications include acetaminophen and clopidogrel. The last dose of clopidogrel was 8 days prior to the planned procedure.
182,HA,0,"A 63-year-old man with a history of atrial fibrillation, obstructive sleep apnea, obesity, and gastroesophageal reflux disease presents for prostate brachytherapy and radioactive seed implant. The procedural team is requesting that an epidural be placed for periprocedural analgesia. His medications include verapamil and 5000 Units subcutaneous heparin TID. The last dose of heparin was 3 hours before the planned procedure."
183,HB,1,"A 63-year-old man with a history of atrial fibrillation, obstructive sleep apnea, obesity, and gastroesophageal reflux disease presents for prostate brachytherapy and radioactive seed implant. The procedural team is requesting that an epidural be placed for periprocedural analgesia. His medications include verapamil and 5000 Units subcutaneous heparin TID. The last dose of heparin was 8 hours before the planned procedure."
184,HC,0,"A 63-year-old man with a history of atrial fibrillation, obstructive sleep apnea, obesity, and gastroesophageal reflux disease presents for prostate brachytherapy and radioactive seed implant. The procedural team is requesting that an epidural be placed for periprocedural analgesia. His medications include verapamil and 10,000 Units subcutaneous heparin TID. The last dose of heparin was 3 hours before the planned procedure."
185,HD,0,"A 63-year-old man with a history of atrial fibrillation, obstructive sleep apnea, obesity, and gastroesophageal reflux disease presents for prostate brachytherapy and radioactive seed implant. The procedural team is requesting that an epidural be placed for periprocedural analgesia. His medications include verapamil and 10,000 Units subcutaneous heparin TID. The last dose of heparin was 8 hours before the planned procedure."
186,HE,1,"A 63-year-old man with a history of atrial fibrillation, obstructive sleep apnea, obesity, and gastroesophageal reflux disease presents for prostate brachytherapy and radioactive seed implant. The procedural team is requesting that an epidural be placed for periprocedural analgesia. His medications include verapamil and IV heparin. The IV heparin was discontinued five hours before the planned procedure and the Anti-Xa assay was in the normal range."
187,HF,0,"A 63-year-old man with a history of atrial fibrillation, obstructive sleep apnea, obesity, and gastroesophageal reflux disease presents for prostate brachytherapy and radioactive seed implant. The procedural team is requesting that an epidural be placed for periprocedural analgesia. His medications include verapamil and IV heparin. The IV heparin was discontinued five hours before the planned procedure and the Anti-Xa assay was in the therapeutic range."
188,HG,0,"A 63-year-old man with a history of atrial fibrillation, obstructive sleep apnea, obesity, and gastroesophageal reflux disease presents for prostate brachytherapy and radioactive seed implant. The procedural team is requesting that an epidural be placed for periprocedural analgesia. His medications include verapamil and IV heparin. The IV heparin was discontinued two hours before the planned procedure and the Anti-Xa assay was in the normal range."
189,HH,0,"A 63-year-old man with a history of atrial fibrillation, obstructive sleep apnea, obesity, and gastroesophageal reflux disease presents for prostate brachytherapy and radioactive seed implant. The procedural team is requesting that an epidural be placed for periprocedural analgesia. His medications include verapamil and IV heparin. The IV heparin was discontinued two hours before the planned procedure and the Anti-Xa assay was in the therapeutic range."
190,HI,0,"A 63-year-old man with a history of atrial fibrillation, obstructive sleep apnea, obesity, and gastroesophageal reflux disease presents for prostate brachytherapy and radioactive seed implant. The procedural team is requesting that an epidural be placed for periprocedural analgesia. His medications include verapamil and prophylactic BID subcutaneous enoxaparin. The last dose of enoxaparin was 8 hours prior to the planned procedure."
191,HJ,1,"A 63-year-old man with a history of atrial fibrillation, obstructive sleep apnea, obesity, and gastroesophageal reflux disease presents for prostate brachytherapy and radioactive seed implant. The procedural team is requesting that an epidural be placed for periprocedural analgesia. His medications include verapamil and prophylactic BID subcutaneous enoxaparin. The last dose of enoxaparin was 14 hours prior to the planned procedure."
192,HK,0,"A 63-year-old man with a history of atrial fibrillation, obstructive sleep apnea, obesity, and gastroesophageal reflux disease presents for prostate brachytherapy and radioactive seed implant. The procedural team is requesting that an epidural be placed for periprocedural analgesia. His medications include verapamil and therapeutic subcutaneous enoxaparin. The last dose of enoxaparin was 20 hours prior to the planned procedure."
193,HL,1,"A 63-year-old man with a history of atrial fibrillation, obstructive sleep apnea, obesity, and gastroesophageal reflux disease presents for prostate brachytherapy and radioactive seed implant. The procedural team is requesting that an epidural be placed for periprocedural analgesia. His medications include verapamil and therapeutic subcutaneous enoxaparin. The last dose of enoxaparin was 26 hours prior to the planned procedure."
194,HM,0,"A 63-year-old man with a history of atrial fibrillation, obstructive sleep apnea, obesity, and gastroesophageal reflux disease presents for prostate brachytherapy and radioactive seed implant. The procedural team is requesting that an epidural be placed for periprocedural analgesia. His medications include verapamil and prophylactic apixaban. The last dose of apixaban was 36 hours prior to the planned procedure."
195,HN,1,"A 63-year-old man with a history of atrial fibrillation, obstructive sleep apnea, obesity, and gastroesophageal reflux disease presents for prostate brachytherapy and radioactive seed implant. The procedural team is requesting that an epidural be placed for periprocedural analgesia. His medications include verapamil and prophylactic apixaban. The last dose of apixaban was 84 hours prior to the planned procedure."
196,HO,0,"A 63-year-old man with a history of atrial fibrillation, obstructive sleep apnea, obesity, and gastroesophageal reflux disease presents for prostate brachytherapy and radioactive seed implant. The procedural team is requesting that an epidural be placed for periprocedural analgesia. His medications include verapamil and warfarin. Warfarin was held for three days, and the INR immediately prior to the planned procedure is 1.1."
197,HP,0,"A 63-year-old man with a history of atrial fibrillation, obstructive sleep apnea, obesity, and gastroesophageal reflux disease presents for prostate brachytherapy and radioactive seed implant. The procedural team is requesting that an epidural be placed for periprocedural analgesia. His medications include verapamil and warfarin. Warfarin was held for three days, and the INR immediately prior to the planned procedure is 1.5."
198,HQ,1,"A 63-year-old man with a history of atrial fibrillation, obstructive sleep apnea, obesity, and gastroesophageal reflux disease presents for prostate brachytherapy and radioactive seed implant. The procedural team is requesting that an epidural be placed for periprocedural analgesia. His medications include verapamil and warfarin. Warfarin was held for six days, and the INR immediately prior to the planned procedure is 1.1."
199,HR,0,"A 63-year-old man with a history of atrial fibrillation, obstructive sleep apnea, obesity, and gastroesophageal reflux disease presents for prostate brachytherapy and radioactive seed implant. The procedural team is requesting that an epidural be placed for periprocedural analgesia. His medications include verapamil and warfarin. Warfarin was held for six days, and the INR immediately prior to the planned procedure is 1.5."
200,HS,1,"A 63-year-old man with a history of atrial fibrillation, obstructive sleep apnea, obesity, and gastroesophageal reflux disease presents for prostate brachytherapy and radioactive seed implant. The procedural team is requesting that an epidural be placed for periprocedural analgesia. His medications include verapamil and aspirin. The last dose of aspirin was 1 hour prior to the planned procedure."
201,HT,1,"A 63-year-old man with a history of atrial fibrillation, obstructive sleep apnea, obesity, and gastroesophageal reflux disease presents for prostate brachytherapy and radioactive seed implant. The procedural team is requesting that an epidural be placed for periprocedural analgesia. His medications include verapamil and aspirin. The last dose of aspirin was 24 hours prior to the planned procedure."
202,HU,0,"A 63-year-old man with a history of atrial fibrillation, obstructive sleep apnea, obesity, and gastroesophageal reflux disease presents for prostate brachytherapy and radioactive seed implant. The procedural team is requesting that an epidural be placed for periprocedural analgesia. His medications include verapamil and dabigatran. The last dose of dabigatran was 48 hours prior to the planned procedure."
203,HV,1,"A 63-year-old man with a history of atrial fibrillation, obstructive sleep apnea, obesity, and gastroesophageal reflux disease presents for prostate brachytherapy and radioactive seed implant. The procedural team is requesting that an epidural be placed for periprocedural analgesia. His medications include verapamil and dabigatran. The last dose of dabigatran was 120 hours prior to the planned procedure."
204,HW,0,"A 63-year-old man with a history of atrial fibrillation, obstructive sleep apnea, obesity, and gastroesophageal reflux disease presents for prostate brachytherapy and radioactive seed implant. The procedural team is requesting that an epidural be placed for periprocedural analgesia. His medications include verapamil and rivaroxaban. The last dose of rivaroxaban was 48 hours prior to the planned procedure."
205,HX,1,"A 63-year-old man with a history of atrial fibrillation, obstructive sleep apnea, obesity, and gastroesophageal reflux disease presents for prostate brachytherapy and radioactive seed implant. The procedural team is requesting that an epidural be placed for periprocedural analgesia. His medications include verapamil and rivaroxaban. The last dose of rivaroxaban was 84 hours prior to the planned procedure."
206,HY,0,"A 63-year-old man with a history of atrial fibrillation, obstructive sleep apnea, obesity, and gastroesophageal reflux disease presents for prostate brachytherapy and radioactive seed implant. The procedural team is requesting that an epidural be placed for periprocedural analgesia. His medications include verapamil and clopidogrel. The last dose of clopidogrel was 4 days prior to the planned procedure."
207,HZ,1,"A 63-year-old man with a history of atrial fibrillation, obstructive sleep apnea, obesity, and gastroesophageal reflux disease presents for prostate brachytherapy and radioactive seed implant. The procedural team is requesting that an epidural be placed for periprocedural analgesia. His medications include verapamil and clopidogrel. The last dose of clopidogrel was 8 days prior to the planned procedure."
208,IA,0,A 32-year-old woman with a history of recurrent deep venous thrombosis presents for hip arthroscopy. The surgical team is requesting that a spinal anesthetic be utilized for the procedure. Her medications include 5000 Units subcutaneous heparin TID. The last dose of heparin was 3 hours before the planned procedure.
209,IB,1,A 32-year-old woman with a history of recurrent deep venous thrombosis presents for hip arthroscopy. The surgical team is requesting that a spinal anesthetic be utilized for the procedure. Her medications include 5000 Units subcutaneous heparin TID. The last dose of heparin was 8 hours before the planned procedure.
210,IC,0,"A 32-year-old woman with a history of recurrent deep venous thrombosis presents for hip arthroscopy. The surgical team is requesting that a spinal anesthetic be utilized for the procedure. Her medications include 10,000 Units subcutaneous heparin TID. The last dose of heparin was 3 hours before the planned procedure."
211,ID,0,"A 32-year-old woman with a history of recurrent deep venous thrombosis presents for hip arthroscopy. The surgical team is requesting that a spinal anesthetic be utilized for the procedure. Her medications include 10,000 Units subcutaneous heparin TID. The last dose of heparin was 8 hours before the planned procedure."
212,IE,1,A 32-year-old woman with a history of recurrent deep venous thrombosis presents for hip arthroscopy. The surgical team is requesting that a spinal anesthetic be utilized for the procedure. Her medications include IV heparin. The IV heparin was discontinued five hours before the planned procedure and the Anti-Xa assay was in the normal range.
213,IF,0,A 32-year-old woman with a history of recurrent deep venous thrombosis presents for hip arthroscopy. The surgical team is requesting that a spinal anesthetic be utilized for the procedure. Her medications include IV heparin. The IV heparin was discontinued five hours before the planned procedure and the Anti-Xa assay was in the therapeutic range.
214,IG,0,A 32-year-old woman with a history of recurrent deep venous thrombosis presents for hip arthroscopy. The surgical team is requesting that a spinal anesthetic be utilized for the procedure. Her medications include IV heparin. The IV heparin was discontinued two hours before the planned procedure and the Anti-Xa assay was in the normal range.
215,IH,0,A 32-year-old woman with a history of recurrent deep venous thrombosis presents for hip arthroscopy. The surgical team is requesting that a spinal anesthetic be utilized for the procedure. Her medications include IV heparin. The IV heparin was discontinued two hours before the planned procedure and the Anti-Xa assay was in the therapeutic range.
216,II,0,A 32-year-old woman with a history of recurrent deep venous thrombosis presents for hip arthroscopy. The surgical team is requesting that a spinal anesthetic be utilized for the procedure. Her medications include prophylactic BID subcutaneous enoxaparin. The last dose of enoxaparin was 8 hours prior to the planned procedure.
217,IJ,1,A 32-year-old woman with a history of recurrent deep venous thrombosis presents for hip arthroscopy. The surgical team is requesting that a spinal anesthetic be utilized for the procedure. Her medications include prophylactic BID subcutaneous enoxaparin. The last dose of enoxaparin was 14 hours prior to the planned procedure.
218,IK,0,A 32-year-old woman with a history of recurrent deep venous thrombosis presents for hip arthroscopy. The surgical team is requesting that a spinal anesthetic be utilized for the procedure. Her medications include therapeutic subcutaneous enoxaparin. The last dose of enoxaparin was 20 hours prior to the planned procedure.
219,IL,1,A 32-year-old woman with a history of recurrent deep venous thrombosis presents for hip arthroscopy. The surgical team is requesting that a spinal anesthetic be utilized for the procedure. Her medications include therapeutic subcutaneous enoxaparin. The last dose of enoxaparin was 26 hours prior to the planned procedure.
220,IM,0,A 32-year-old woman with a history of recurrent deep venous thrombosis presents for hip arthroscopy. The surgical team is requesting that a spinal anesthetic be utilized for the procedure. Her medications include prophylactic apixaban. The last dose of apixaban was 36 hours prior to the planned procedure.
221,IN,1,A 32-year-old woman with a history of recurrent deep venous thrombosis presents for hip arthroscopy. The surgical team is requesting that a spinal anesthetic be utilized for the procedure. Her medications include prophylactic apixaban. The last dose of apixaban was 84 hours prior to the planned procedure.
222,IO,0,"A 32-year-old woman with a history of recurrent deep venous thrombosis presents for hip arthroscopy. The surgical team is requesting that a spinal anesthetic be utilized for the procedure. Her medications include warfarin. Warfarin was held for three days, and the INR immediately prior to the planned procedure is 1.1."
223,IP,0,"A 32-year-old woman with a history of recurrent deep venous thrombosis presents for hip arthroscopy. The surgical team is requesting that a spinal anesthetic be utilized for the procedure. Her medications include warfarin. Warfarin was held for three days, and the INR immediately prior to the planned procedure is 1.5."
224,IQ,1,"A 32-year-old woman with a history of recurrent deep venous thrombosis presents for hip arthroscopy. The surgical team is requesting that a spinal anesthetic be utilized for the procedure. Her medications include warfarin. Warfarin was held for six days, and the INR immediately prior to the planned procedure is 1.1."
225,IR,0,"A 32-year-old woman with a history of recurrent deep venous thrombosis presents for hip arthroscopy. The surgical team is requesting that a spinal anesthetic be utilized for the procedure. Her medications include warfarin. Warfarin was held for six days, and the INR immediately prior to the planned procedure is 1.5."
226,IS,1,A 32-year-old woman with a history of recurrent deep venous thrombosis presents for hip arthroscopy. The surgical team is requesting that a spinal anesthetic be utilized for the procedure. Her medications include aspirin. The last dose of aspirin was 1 hour prior to the planned procedure.
227,IT,1,A 32-year-old woman with a history of recurrent deep venous thrombosis presents for hip arthroscopy. The surgical team is requesting that a spinal anesthetic be utilized for the procedure. Her medications include aspirin. The last dose of aspirin was 24 hours prior to the planned procedure.
228,IU,0,A 32-year-old woman with a history of recurrent deep venous thrombosis presents for hip arthroscopy. The surgical team is requesting that a spinal anesthetic be utilized for the procedure. Her medications include dabigatran. The last dose of dabigatran was 48 hours prior to the planned procedure.
229,IV,1,A 32-year-old woman with a history of recurrent deep venous thrombosis presents for hip arthroscopy. The surgical team is requesting that a spinal anesthetic be utilized for the procedure. Her medications include dabigatran. The last dose of dabigatran was 120 hours prior to the planned procedure.
230,IW,0,A 32-year-old woman with a history of recurrent deep venous thrombosis presents for hip arthroscopy. The surgical team is requesting that a spinal anesthetic be utilized for the procedure. Her medications include rivaroxaban. The last dose of rivaroxaban was 48 hours prior to the planned procedure.
231,IX,1,A 32-year-old woman with a history of recurrent deep venous thrombosis presents for hip arthroscopy. The surgical team is requesting that a spinal anesthetic be utilized for the procedure. Her medications include rivaroxaban. The last dose of rivaroxaban was 84 hours prior to the planned procedure.
232,IY,0,A 32-year-old woman with a history of recurrent deep venous thrombosis presents for hip arthroscopy. The surgical team is requesting that a spinal anesthetic be utilized for the procedure. Her medications include clopidogrel. The last dose of clopidogrel was 4 days prior to the planned procedure.
233,IZ,1,A 32-year-old woman with a history of recurrent deep venous thrombosis presents for hip arthroscopy. The surgical team is requesting that a spinal anesthetic be utilized for the procedure. Her medications include clopidogrel. The last dose of clopidogrel was 8 days prior to the planned procedure.
234,JA,0,"A 56-year-old woman with a history of anxiety, pulmonary embolism, and pancreatic cancer presents for pancreaticoduodenectomy. The surgical team is requesting that an epidural be placed to provide postoperative analgesia. Her medications include lorazepam and 5000 Units subcutaneous heparin TID. The last dose of heparin was 3 hours before the planned procedure."
235,JB,1,"A 56-year-old woman with a history of anxiety, pulmonary embolism, and pancreatic cancer presents for pancreaticoduodenectomy. The surgical team is requesting that an epidural be placed to provide postoperative analgesia. Her medications include lorazepam and 5000 Units subcutaneous heparin TID. The last dose of heparin was 8 hours before the planned procedure."
236,JC,0,"A 56-year-old woman with a history of anxiety, pulmonary embolism, and pancreatic cancer presents for pancreaticoduodenectomy. The surgical team is requesting that an epidural be placed to provide postoperative analgesia. Her medications include lorazepam and 10,000 Units subcutaneous heparin TID. The last dose of heparin was 3 hours before the planned procedure."
237,JD,0,"A 56-year-old woman with a history of anxiety, pulmonary embolism, and pancreatic cancer presents for pancreaticoduodenectomy. The surgical team is requesting that an epidural be placed to provide postoperative analgesia. Her medications include lorazepam and 10,000 Units subcutaneous heparin TID. The last dose of heparin was 8 hours before the planned procedure."
238,JE,1,"A 56-year-old woman with a history of anxiety, pulmonary embolism, and pancreatic cancer presents for pancreaticoduodenectomy. The surgical team is requesting that an epidural be placed to provide postoperative analgesia. Her medications include lorazepam and IV heparin. The IV heparin was discontinued five hours before the planned procedure and the Anti-Xa assay was in the normal range."
239,JF,0,"A 56-year-old woman with a history of anxiety, pulmonary embolism, and pancreatic cancer presents for pancreaticoduodenectomy. The surgical team is requesting that an epidural be placed to provide postoperative analgesia. Her medications include lorazepam and IV heparin. The IV heparin was discontinued five hours before the planned procedure and the Anti-Xa assay was in the therapeutic range."
240,JG,0,"A 56-year-old woman with a history of anxiety, pulmonary embolism, and pancreatic cancer presents for pancreaticoduodenectomy. The surgical team is requesting that an epidural be placed to provide postoperative analgesia. Her medications include lorazepam and IV heparin. The IV heparin was discontinued two hours before the planned procedure and the Anti-Xa assay was in the normal range."
241,JH,0,"A 56-year-old woman with a history of anxiety, pulmonary embolism, and pancreatic cancer presents for pancreaticoduodenectomy. The surgical team is requesting that an epidural be placed to provide postoperative analgesia. Her medications include lorazepam and IV heparin. The IV heparin was discontinued two hours before the planned procedure and the Anti-Xa assay was in the therapeutic range."
242,JI,0,"A 56-year-old woman with a history of anxiety, pulmonary embolism, and pancreatic cancer presents for pancreaticoduodenectomy. The surgical team is requesting that an epidural be placed to provide postoperative analgesia. Her medications include lorazepam and prophylactic BID subcutaneous enoxaparin. The last dose of enoxaparin was 8 hours prior to the planned procedure."
243,JJ,1,"A 56-year-old woman with a history of anxiety, pulmonary embolism, and pancreatic cancer presents for pancreaticoduodenectomy. The surgical team is requesting that an epidural be placed to provide postoperative analgesia. Her medications include lorazepam and prophylactic BID subcutaneous enoxaparin. The last dose of enoxaparin was 14 hours prior to the planned procedure."
244,JK,0,"A 56-year-old woman with a history of anxiety, pulmonary embolism, and pancreatic cancer presents for pancreaticoduodenectomy. The surgical team is requesting that an epidural be placed to provide postoperative analgesia. Her medications include lorazepam and therapeutic subcutaneous enoxaparin. The last dose of enoxaparin was 20 hours prior to the planned procedure."
245,JL,1,"A 56-year-old woman with a history of anxiety, pulmonary embolism, and pancreatic cancer presents for pancreaticoduodenectomy. The surgical team is requesting that an epidural be placed to provide postoperative analgesia. Her medications include lorazepam and therapeutic subcutaneous enoxaparin. The last dose of enoxaparin was 26 hours prior to the planned procedure."
246,JM,0,"A 56-year-old woman with a history of anxiety, pulmonary embolism, and pancreatic cancer presents for pancreaticoduodenectomy. The surgical team is requesting that an epidural be placed to provide postoperative analgesia. Her medications include lorazepam and prophylactic apixaban. The last dose of apixaban was 36 hours prior to the planned procedure."
247,JN,1,"A 56-year-old woman with a history of anxiety, pulmonary embolism, and pancreatic cancer presents for pancreaticoduodenectomy. The surgical team is requesting that an epidural be placed to provide postoperative analgesia. Her medications include lorazepam and prophylactic apixaban. The last dose of apixaban was 84 hours prior to the planned procedure."
248,JO,0,"A 56-year-old woman with a history of anxiety, pulmonary embolism, and pancreatic cancer presents for pancreaticoduodenectomy. The surgical team is requesting that an epidural be placed to provide postoperative analgesia. Her medications include lorazepam and warfarin. Warfarin was held for three days, and the INR immediately prior to the planned procedure is 1.1."
249,JP,0,"A 56-year-old woman with a history of anxiety, pulmonary embolism, and pancreatic cancer presents for pancreaticoduodenectomy. The surgical team is requesting that an epidural be placed to provide postoperative analgesia. Her medications include lorazepam and warfarin. Warfarin was held for three days, and the INR immediately prior to the planned procedure is 1.5."
250,JQ,1,"A 56-year-old woman with a history of anxiety, pulmonary embolism, and pancreatic cancer presents for pancreaticoduodenectomy. The surgical team is requesting that an epidural be placed to provide postoperative analgesia. Her medications include lorazepam and warfarin. Warfarin was held for six days, and the INR immediately prior to the planned procedure is 1.1."
251,JR,0,"A 56-year-old woman with a history of anxiety, pulmonary embolism, and pancreatic cancer presents for pancreaticoduodenectomy. The surgical team is requesting that an epidural be placed to provide postoperative analgesia. Her medications include lorazepam and warfarin. Warfarin was held for six days, and the INR immediately prior to the planned procedure is 1.5."
252,JS,1,"A 56-year-old woman with a history of anxiety, pulmonary embolism, and pancreatic cancer presents for pancreaticoduodenectomy. The surgical team is requesting that an epidural be placed to provide postoperative analgesia. Her medications include lorazepam and aspirin. The last dose of aspirin was 1 hour prior to the planned procedure."
253,JT,1,"A 56-year-old woman with a history of anxiety, pulmonary embolism, and pancreatic cancer presents for pancreaticoduodenectomy. The surgical team is requesting that an epidural be placed to provide postoperative analgesia. Her medications include lorazepam and aspirin. The last dose of aspirin was 24 hours prior to the planned procedure."
254,JU,0,"A 56-year-old woman with a history of anxiety, pulmonary embolism, and pancreatic cancer presents for pancreaticoduodenectomy. The surgical team is requesting that an epidural be placed to provide postoperative analgesia. Her medications include lorazepam and dabigatran. The last dose of dabigatran was 48 hours prior to the planned procedure."
255,JV,1,"A 56-year-old woman with a history of anxiety, pulmonary embolism, and pancreatic cancer presents for pancreaticoduodenectomy. The surgical team is requesting that an epidural be placed to provide postoperative analgesia. Her medications include lorazepam and dabigatran. The last dose of dabigatran was 120 hours prior to the planned procedure."
256,JW,0,"A 56-year-old woman with a history of anxiety, pulmonary embolism, and pancreatic cancer presents for pancreaticoduodenectomy. The surgical team is requesting that an epidural be placed to provide postoperative analgesia. Her medications include lorazepam and rivaroxaban. The last dose of rivaroxaban was 48 hours prior to the planned procedure."
257,JX,1,"A 56-year-old woman with a history of anxiety, pulmonary embolism, and pancreatic cancer presents for pancreaticoduodenectomy. The surgical team is requesting that an epidural be placed to provide postoperative analgesia. Her medications include lorazepam and rivaroxaban. The last dose of rivaroxaban was 84 hours prior to the planned procedure."
258,JY,0,"A 56-year-old woman with a history of anxiety, pulmonary embolism, and pancreatic cancer presents for pancreaticoduodenectomy. The surgical team is requesting that an epidural be placed to provide postoperative analgesia. Her medications include lorazepam and clopidogrel. The last dose of clopidogrel was 4 days prior to the planned procedure."
259,JZ,1,"A 56-year-old woman with a history of anxiety, pulmonary embolism, and pancreatic cancer presents for pancreaticoduodenectomy. The surgical team is requesting that an epidural be placed to provide postoperative analgesia. Her medications include lorazepam and clopidogrel. The last dose of clopidogrel was 8 days prior to the planned procedure."